line_number,company_name,address,phone,site,altSite,query_string
1,GROUPE SODIAAL,,,,,"SODIAAL UNION, SODIAAL"
2,Rey Léon Cheese Savoie SAS,"2524 Rte du Fayet, 74700 Domancy, Франція",+33 4 50 58 34 28,,,SAS REY LEON FROMAGES DE SAVOIE
3,Cleurie-Augier - Groupe France Frais,"7 Rue de l'Encensement, 88200 Saint-Nabord, Франція",+33 3 29 23 63 63,https://theoseiller0.wixsite.com/cleurie-augier88,,CLEURIE - AUGIER
4,,,,,https://www.laita.com/en,LAITA
5,,,,,,SODEGER EURL
6,Etablissements Auribault,"Rte de Saint-Dizier, 52100 Villiers-en-Lieu, Франція",+33 3 25 05 59 48,,,ETABLISSEMENTS AURIBAULT
7,Maîtres Laitiers Distribution,"Rue Alfred Nobel, 14123 Ifs, Франція",+33 2 31 70 34 00,,,MAITRES LAITIERS DISTRIBUTION
8,Distrisud,"D612, 34110 Frontignan, Франція",+33 4 67 51 72 00,,,DISTRISUD
9,Etlin Service Frais,"2 Rue Georges Pawlak, 57645 Ogy-Montoy-Flanville, Франція",+33 3 87 31 70 70,http://www.etlin.fr/,,"ETLIN SERVICE FRAIS, LOSEFRA"
10,Askel Aslg,"4 Rue Robert Guichaoua, 29000 Quimper, Франція",+33 2 98 53 01 01,https://www.reseau-le-saint.com/askel/,,A S L G DISTRIBUTION
11,Sarl Ets Leduc Duez,"13 Rue Jean Jaurès, 59188 Saint-Vaast-en-Cambrésis, Франція",+33 3 27 37 14 22,https://www.facebook.com/beurre.leduc/,,SARL ETS LEDUC DUEZ
12,Team Ouest Distralis,"3 rue Ravalet, La Rivière, ZA Noyal Sud, 35530 Noyal-sur-Vilaine, Франція",+33 800 67 03 92,,,TEAM OUEST DISTRALIS
13,,,,,https://www.benoist-lair.fr/,BENOIST-LAIR
14,Crèmerie Husson,"2 Rue Gambetta, 51000 Châlons-en-Champagne, Франція",+33 3 26 65 79 22,https://www.petitscommerces.fr/page/cremerie-husson/,,ETABLISSEMENTS HUSSON
15,Bourgogne Produits Frais,"Rue Saint-Exupéry, 89470 Monéteau, Франція",+33 3 86 94 41 00,https://www.bpfrais.fr/,,"BOURGOGNE PRODUITS FRAIS, BPF"
16,,,,,https://www.savencia-fromagedairy.com/,"SAVENCIA FROMAGE & DAIRY FOODSERVICE, SAVENCIA FROMAG"
17,Groupe EVEN,"Traon Bihan CS 40003, 29260 Ploudaniel, Франція",+33 2 29 62 50 00,http://www.even.fr/,,COOPERATIVE EVEN
18,Lodifrais,"Rue Pierre Mendès France, 33310 Lormont, Франція",+33 5 57 80 99 00,https://lodifrais.fr/,,LODIFRAIS
19,,,,,,DISTRISUD - IDEELICE
20,Les Délices de L'Ouest,"Rue Louis Braille, 17430 Tonnay-Charente, Франція",+33 5 46 06 89 00,,,LES DELICES DE L'OUEST
21,Lact' Union,"12 Rte de Vauchelles, 80100 Abbeville, Франція",,,,LACT'UNION
22,,,,,https://supercoop.de/en/home-page/,SUPERCOOP
23,The Centrale del Latte di Alessandria and Asti (La Centrale del Latte di Alessandria e Asti),"Via Ennio Massobrio, 10/12, 15121 Alessandria AL, Італія",+39 0131 360511,http://www.iltuolatte.it/,,LA CENTRALE DEL LATTE DI ALESSANDRIA E ASTI - S.P.A.
24,Emmal Store,"Via Albert Bruce Sabin, 95045 Misterbianco CT, Італія",+39 351 723 1939,,,EMMAL S.R.L.
25,Fornaciari Distribuzione (Il Caseificio SRL),"SR2, 01015 Sutri VT, Італія",+39 0761 600826,https://instagram.com/fornaciari_ilcaseificio?utm_medium=copy_link,,IL CASEIFICIO SRL
26,Lapalus L et Fils,"12 Rue de la Planchette, 71800 La Clayette, Франція",+33 3 85 28 03 27,,,ETABLISSEMENTS LUCIEN LAPALUS ET FILS (Lapalus et Fils)
27,Sa.g.e.m. srl,"Via Giuseppe Garibaldi, 68, 21010 Ferno VA, Італія",+39 0331 241787,http://www.sagemsrl.com/,,SAGEM S.R.L.
28,Unicoop Firenze sc (Unicoop Firenze),,,,,UNICOOP FIRENZE SOCIETA' COOPERATIVA
29,,,,,,SORELAT S.R.L.
30,Sartori Formaggi Srl,"Via Ottavio Ricci, 11/12, 43012 Fontanellato PR, Італія",+39 0521 827073,,,SARTORI FORMAGGI
31,Berardi Salumi Srl,"Via San Giorgio, 1, 67013 Poggio Cancelli AQ, Італія",+39 0862 909260,http://www.salumiberardi.it/,,BERARDI SALUMI
32,,,,,,S.C.A. S.R.L.
33,,,,,https://www.gruppolactalisitalia.com/,LACTALIS ITALIA S.P.A.
34,Formaggi Del Curto Snc,"Via Don Primo Lucchinetti, 24, 23020 San Vittore SO, Італія",+39 0343 41016,,,FORMAGGI DEL CURTO S.N.C. DI DEL CURTO ELEONORA E SOFIA
35,,,,,,METRO DOLOMITI S.P.A.
36,Dis-Frais,"Rue de l'Avenir, 50500 Carentan les Marais, Франція",+33 2 33 71 05 05,,,DIS-FRAIS
37,,,,,https://sicom-srls.it/en/,SICOM S.R.L.
38,Caseificio Mor Stabilini Snc Di Mor Stabilini Carlo & C.,"Strada Statale 235, 13, 26835 Crespiatica LO, Італія",+39 0371 484341,,,CASEIFICIO MOR STABILINI SNC DI MOR STABILINI CARLO E C
39,,,,,,LELLI PIETRO GIOVANNI S.R.L.
40,MIKA SRL,"Via Lecco, 20 Q, 22036 Erba CO, Італія",+39 031 333 8518,http://www.regnoverde.eu/,,MIKA S.R.L.
41,,,,,https://nicoletta.com.ua/,NICOLETTA S.R.L.
42,Campagnola S.r.l.,"Via Lazio, 21, 40069 Zola Predosa BO, Італія",+39 051 753500,http://www.campagnola.it/,,CAMPAGNOLA S.R.L.
43,R. & G. Della Valle Societa' A Responsabilita' Limitata,"Via Giovanni XXIII, 28, 81030 Cancello ed Arnone CE, Італія",,,,R. & G. DELLA VALLE
44,Valcolatte,"Via Firenze, 16, 29010 Valconasso, Pontenure PC, Італія",+39 0523 519043,https://valcolatte.it/,,VALCOLATTE
45,Ferrari Giovanni Spa Dairy Industry,"SP107, 26816 Ossago Lodigiano LO, Італія",+39 0371 2851,https://www.ferrariformaggi.it/,,FERRARI GIOVANNI INDUSTRIA CASEARIA SPA
46,Bustaffa Emilio & Figli Spa,"Piazzale Giacobbe Bustaffa, 1, 46031 Bagnolo San Vito MN, Італія",+39 0376 25001,,,BUSTAFFA EMILIO E FIGLI - S.P.A.
47,AR Alimentari Srl,"80017, Via Umbria, 14, 80017 Melito di Napoli NA, Італія",+39 081 702 3311,,,A.R. ALIMENTARI S.R.L.
48,Caseificio Schiavone E.G.M. Società Cooperativa,"Corso Dante, 114, 81033 Casal di Principe CE, Італія",+39 081 816 1789,,,SCHIAVONE E.G.M. SOCIETA' COOPERATIVA
49,Spaccio Del Caseificio- L'Antica Cascina - Aperto al Pubblico,"Via Campo dei Fiori, 2, 47122 Forlì FC, Італія",+39 0543 722442,https://www.spaccioanticacascina.it/,,L'ANTICA CASCINA SERVICE S.R.L.
50,Varese Distribuzione srl,"Via Rossi, 17, 21026 Oltrona al Lago VA, Італія",+39 0332 746404,http://varesedistribuzione.com/,,VARESE DISTRIBUZIONE S.R.L.
51,,,,,,F.LLI GIRAUDO DI MARCO E MARINELLA GIRAUDO S.N.C.
52,,,,,,COFAB (Ets C.O.F.A.B)
53,VI. GA. S.r.l.,"Via Umbria, 30, 80017 Melito di Napoli NA, Італія",+39 081 702 2335,http://vigasrl.com/,,VI.GA. S.R.L.
54,,,,,,LES SECRETS D'HONORE (Sté d'Expl. Ets Albert Ronjat)
55,Ciccola Luigi & C.,"Via dell'Industria, 26, 60015 Falconara Marittima AN, Італія",+39 071 918 8173,,,CICCOLA LUIGI & C.   S.N.C.
56,,,,,,EREDI DI OCCHIPINTI LUCIANO S.N.C. DI ANTONIO E MAURO-SALVATORE OCCHIPINTI
57,Ghioldi Snc,"Via Madonna, 3, 22070 Guanzate CO, Італія",+39 031 976933,,,GHIOLDI S.N.C. DI GHIOLDI ALDO ERMINIO E C.
58,Lo Spaccio Giani Leone Srl - Industrie Casearie,"Strada Provinciale ex Strada Statale 596 dei Cairoli, 16, 27020 Carbonara al Ticino PV, Італія",+39 0382 400655,https://www.lospacciogianileone.com/,,GIANI LEONE & C. SRL - INDUSTRIE CASEARIE
59,Arcadia Food Trading Srl,"Via Brigata Reggio, 67, 42124 Reggio Emilia RE, Італія",,,,ARCADIA FOOD TRADING
60,Capo Gavito S.R.L.,"Via del Commercio, 14, 72017 Ostuni BR, Італія",+39 0831 304506,,,CAPO GAVITO S.R.L.
61,,,,,,BASSI S.P.A.
62,Botalla S.r.l,"Via Eriberto Ramella Germanin, 5, 13900 Biella BI, Італія",+39 015 26353,http://www.botallaformaggi.com/,,BOTALLA S.R.L.
63,Linea Due Srl,"Via Antica di Busca, 74, 12100 Cuneo CN, Італія",+39 0171 411340,http://www.lineadue.com/,,LINEA DUE S.R.L.
64,Arrigoni Sergio Formaggi SRL,"Via Pradelle, 24, 24011 Almè BG, Італія",+39 035 543535,http://www.sergioarrigoni.it/,,ARRIGONI SERGIO FORMAGGI S.R.L.
65,,,,,,I.S.A.F. S.R.L.
66,Polatte,"5GC4+Q8J, Malé, Мальдіви",+960 955-6686,http://www.polatte.com/,,POLATTE
67,Il Cavalcatore Srl,"1 Contrada Cavalcatore, Assoro, En 94010, Італія",+39 0935 667255,http://www.ilcavalcatore.it/,,IL CAVALCATORE S.R.L.
68,Dalla Bona,"Via Gianbattista Meli, 102, 25013 Carpenedolo BS, Італія",+39 030 996 5469,http://www.dallabona.it/,,DALLA BONA S.P.A.
69,La Casera Di Martinelli Srl,"Piazzale Don Antonio Seghezzi, 3, 24011 Almè BG, Італія",+39 035 541144,http://www.lacaseradimartinelli.it/,,LA CASERA DI MARTINELLI S.R.L.
70,Supermercati F.Lli Pentella S.R.L. Interspar (Supermercati F.Lli Pentella Interspar),"Via Pontecitra, 72, 80034 Marigliano NA, Італія",+39 081 350 8873,http://www.supermercatipentella.it/,,SUPERMERCATI F.LLI PENTELLA S.R.L.
71,,,,,,SUPER ELITE FOODS S.R.L.
72,Frieslandcampina Italy Srl,"Via Paracelso, 24, 20864 Agrate Brianza MB, Італія",+39 039 607 2500,https://www.frieslandcampina.com/,,FRIESLANDCAMPINA ITALY S.R.L.
73,Caseificio Censi,"Via Giaranzana, 16, 43010 Santa Croce PR, Італія",,https://www.parmigianoreggiano.com/it/caseifici/caseificio-eredi-censi-rino/,,EREDI CENSI RINO
74,Piccoli Piaceri S.R.L.,"Via Trani, 314, 76121 Barletta BT, Італія",+39 0883 348184,http://www.asseliti.it/,,PICCOLI PIACERI S.R.L.
75,,,,,,SOCIETA' A RESPONSABILITA' LIMITATA MAGAZZINI EMILIANI STAGIONATURA FORMAGGI
76,Z. Lanquetot 0,"47 Av. d'Auvergne, 94150 Rungis-min, Франція",+33 1 46 86 40 00,,,Z LANQUETOT
77,Madama La Piemonteisa S.r.l.,"Via Francesco Baracca, 2, 14100 Asti AT, Італія",+39 0141 411015,http://www.madamalapiemonteisa.it/,,LA PIEMONTEISA
78,Mo' Bufala,"Via Delle Vigne, 21/27, 70033 Corato BA, Італія",+39 080 567 4453,http://www.mobufala.it/,,APULIAN BUFALA S.R.L.
79,Caseificio Artlatte Srl,"Via Giacomo Puccini, 1816, 55016 Porcari LU, Італія",+39 0583 211195,http://www.artlatte.it/,,CASEIFICIO ARTLATTE S.R.L.
80,Pegaso S.r.l - NARDI HARVESTING (sede principale),"Via del Lavoro, 14/16, 37047 San Bonifacio VR, Італія",+39 045 766 5570,http://www.nardi-harvesting.com/,,PEGASO S.R.L.
81,,,,,,CAPLAC - COOPERATIVA AGRICOLA PRODUTTORI LATTE E AFFINI COMPITESE
82,,,,,,"ETLIN SERVICE FRAIS, L.S.F. (LOSEFRA)"
83,Caramaschi Roberto,"Via F, Via Franklin Vivenza, 32, 46100 Mantova MN, Італія",+39 0376 380533,,,CARAMASCHI ROBERTO S.N.C
84,Conad Sede (Conad Centro Nord),"Via J.F.Kennedy, 5, 42040 Campegine RE, Італія",+39 0522 905111,https://chisiamo.conad.it/cooperative/conad-centro-nord,,CONAD CENTRO NORD SOCIETA' COOPERATIVA
85,Commerciale Atripalda Srl,"Viale Moro Aldo, Benevento, BN 82100, Італія",+39 0824 316358,,,COMMERCIALE ATRIPALDA  S.R.L.
86,Sabelli Distribuzione,"Via Melibeo, 70, 00155 Roma RM, Італія",,https://www.sabellidistribuzione.it/,,SABELLI DISTRIBUZIONE S.R.L.
87,Ingaunia Srl,"Via Piave, 85, 17031 Albenga SV, Італія",+39 0182 543549,,,INGAUNIA S.R.L.
88,,,,,,TESSARO SNC DI TESSARO TIZIANO EMANUELE ALCIDE PAOLO E MASSIMO
89,Caseificio San Rocco,"Via Tre Case, 65, 36056 Tezze sul Brenta VI, Італія",+39 0424 89056,http://www.caseificiosanrocco.it/,,CASEIFICIO SAN ROCCO SOC. COOPERATIVA AGRICOLA
90,Perla Snc Cheese,"Via Martiri delle Foibe, 11, 12038 Savigliano CN, Італія",+39 0172 21724,http://www.perlaformaggi.it/,,PERLA DI SEPERTINO EUGENIA & C. S.N.C.
91,Caseificio Antica Corte,"Via Emilio Lepido, 291, 43122 Parma PR, Італія",+39 0521 645148,https://www.parmigianoreggiano.com/it/caseifici/caseificio-antica-corte/,,CASEIFICIO ANTICA CORTE S.A.S. DI BARANI ROSELLA E SIMONE
92,Cer.Mac Snc Di Macco Maria & C.,"Corso Torino, 1, 13040 Buronzo VC, Італія",+39 0161 858001,,,CER.MAC.   S.N.C. DI MACCO MARIA E C.
93,Il Casaro Srl,"Viale Risorgimento, 10, 81030 Cellole CE, Італія",+39 0823 703936,,,IL CASARO S.R.L.
94,,,,,,DI MAIOLO S.R.L.
95,Giaccone Dr. Lorenzino e C.,"Via Torrione, 30/A, 28021 Borgomanero NO, Італія",+39 0322 845875,,,GIACCONE DR. LORENZINO & C. S.R.L.
96,,,,,https://www.aironehoods.com/,AIRONE S.R.L.
97,Signor Giorgio & C. S.R.L.,"Via Molinetto, 25, 31030 Borso del Grappa TV, Італія",+39 0423 910333,,,SIGNOR GIORGIO & C. - S.R.L.
98,,,,,,BURRIFICIO LA GOCCIA BIANCA S.R.L.
99,Calabria Service S.R.L.,"Strada Statale 18, 82, 89851 Ionadi VV, Італія",+39 0963 263481,http://www.calabriaservicesrl.it/,,CALABRIA SERVICE S.R.L.
100,Maxì,"Via Nicolò Premuda, 2, 31013 Codogné TV, Італія",+39 0438 793053,https://www.maxisupermercati.it/,,NORDEST SUPERMERCATI S.R.L.
101,4m dei Fratelli Marverti & C. S.R.L,"Str. Vignolese, 1124, 41126 Modena MO, Італія",+39 059 469870,,,4M DEI FRATELLI MARVERTI & C. S.R.L.
102,Contento Latte S.R.L.,"Via Cialdini, 91, 74016 Massafra TA, Італія",+39 099 880 2339,,,CONTENTO LATTE S.R.L.
103,,,,,https://www.alpenzu.com/,ALPENZU SRL
104,,,,,,G.T.A. S.R.L.
105,,,,,,LUCE S.R.L.
106,GrosMarket Sogegross Dalmine,"Via Provinciale, 80, 24044 Dalmine BG, Італія",+39 010 717 8766,https://www.grosmarket.it/,,GROS MARKET ITALIA S.R.L.
107,,,,,,COOPERATIVA LATTERIA VIPITENO SOCIETA' AGRICOLA
108,Caseificio Sociale Casello,"Via Provinciale, 101/A, 41025 Montecreto MO, Італія",+39 0536 65149,http://www.caseificiocasello.it/,,CASEIFICIO SOCIALE CASELLO SOCIETA' AGRICOLA COOPERATIVA
109,Sofrose,"32 Av. Aristide Briand, 12150 Sévérac-d'Aveyron, Франція",+33 5 65 47 81 38,,,"SOCIETE FROMAGERE SEVERAC LE CHATEAU, SOFROSE (Société Fromagère de Séverac le Château)"
110,,,,,https://www.caseificioautieri.it/,CASEIFICIO AUTIERI S.R.L.
111,Industria Alimentare Tanagrina S.R.L.,"Via Della Sorgente, 84030 San Pietro al Tanagro SA, Італія",+39 0975 398100,http://www.tanagrina.com/,,INDUSTRIA ALIMENTARE TANAGRINA - S.R.L.
112,,,,,,"A S L G DISTRIBUTION, SODIAL (Sté Distribution Alimentaire)"
113,,,,,,GMS S.R.L.
114,Casearia F.O.I. Srl,"Z.I. Tossilo, 08015 Macomer NU, Італія",+39 0785 221011,,,F.O.I. - S.R.L.
115,,,,,https://www.rovagnati.it/,ROVAGNATI SPA
116,Latteria Di Visinale,"Via dei Donatori, 10, 33087 Pasiano di Pordenone PN, Італія",+39 0434 610746,http://www.latteriadivisinale.it/,,LATTERIA DI VISINALE S.R.L.
117,Soc. Agr. Bosco Vescovado Srl,"Località Sanguigna, 142, 43052 Sanguigna PR, Італія",,,,SOCIETA' AGRICOLA BOSCO VESCOVADO S.R.L.
118,Social Dairy Casale di Bismantova (Latteria Sociale Casale Di Bismantova),"42035, Via Casale, 10, 42035 Castelnovo Ne' Monti RE, Італія",+39 0522 812069,http://www.latteriabismantova.it/,,LATTERIA SOCIALE MADONNA DELLA PIETRA DI BISMANTOVA SOCIETA' COOP ERATIVA AGRICOLA
119,,,,,,ITALIAN LATTICINI S.R.L.
120,Tuscanlat S.A.S. Di Pratali Torquato,"Strada Tuscanese, KM.4,600, 01100 Viterbo VT, Італія",+39 0761 353177,,,TUSCANLAT SAS DI PRATALI TORQUATO E C.
121,,,,,,F.LLI LATINI DI LATINI STEFANO E C. S.N.C.
122,Caseificio Serra,"Via del Progresso, 1, 09040 Ortacesus SU, Італія",+39 070 981 9016,http://www.caseificioserra.it/,,INDUSTRIA CASEARIA AGROALIMENTARE SERRA S.R.L.
123,Distrilait Sarl,"194 Rue du Bois des Cerisiers, 60100 Creil, Франція",+33 3 44 56 21 03,,,SOCIETE DISTRILAIT (Distrilait)
124,G. & D. Formaggi (S.R.L.),"Via Giuseppe Verdi, 33, 43017 San Secondo Parmense PR, Італія",+39 0521 873588,,,G. & D. FORMAGGI S.R.L.
125,Nesti e Bonsignori Spa,"Via della Fornace, 114, 56025 Pontedera PI, Італія",+39 0587 292067,,,NESTI E BONSIGNORI S.P.A.
126,Latterie Siciliane S.r.l.,"Via Manfredi Chiaramonte, 1, 93100 Caltanissetta CL, Італія",,,,LATTERIE SICILIANE S.R.L.
127,Due Piu' Di Cecchi Fabiana E Daniele & C. S.A.S.,"Via del Popolo, 134, 51019 Anchione PT, Італія",+39 0572 636176,,,DUE PIU' DI CECCHI FABIANA  DANIELE & C. S.A.S.
128,,,,,,LA QUATTRO G.  S.R.L.
129,G. Barbieri,"Via Crocifisso, 2, 27058 Voghera PV, Італія",+39 0383 644112,,,G. BARBIERI S.R.L.
130,Caseificio Puglialat,"Via dell'Agricoltura, 70015 Noci BA, Італія",+39 080 497 9452,http://www.puglialat.it/,,CASEIFICIO PUGLIALAT S.R.L.
131,,,,,,DITTA PAOLINI FRANCESCO E TAMBURINI CARLO & C. S.N.C.
132,,,,,,DI.AL. - DISTRIBUZIONE ALIMENTARI S.R.L.
133,,,,,,ADOLFO MEDEGHINI S.R.L.
134,Alimentare Canavesana S.R.L.,"Via XXV Aprile, 16/B, 10080 Busano TO, Італія",+39 0124 48493,http://alimentarecanavesana.bdf.land/,,ALIMENTARE CANAVESANA S.R.L.
135,,,,,,DOLCE FIOR S.R.L.
136,,,,,,I SAPORI DELLA PENISOLA S.R.L.
137,,,,,,CA' DI PARMA
138,Azienda agricola Ferrara,"Viale delle Industrie, 9, 80040 San Sebastiano Al Vesuvio NA, Італія",+39 081 1870 9851,http://www.agriferrara.com/,,AGRIFERRARA SOCIETA' COOPERATIVA AGRICOLA
139,Agricoltori Riuniti Cremonesi Mantovani,"Via Case Sparse, 16, 26041 Quattrocase, Casalmaggiore CR, Італія",+39 0375 59174,,,AGRICOLTORI RIUNITI CREMONESI MANTOVANI - A.R.CRE.MAN. SOCIETA' AGRICOLA COOPERATIVA
140,Consorzio Produttori Formaggio Montasio Soc. Coop. Agr.,"Via Gianfranco Ellero, 5, 33033 Rivolto-lonca UD, Італія",+39 0432 908151,https://www.montasio.com/,,CONSORZIO PRODUTTORI FORMAGGIO MONTASIO SOCIETA' COOPERATIVA AGRICOLA
141,Caseificio Corvetto,"Via Pallaresus, 23, 09049 Villasimius Città Metropolitana di Cagliari, Італія",+39 070 791507,http://www.formaggicorvetto.it/,,CASEIFICIO CORVETTO S.R.L.
142,Campiotti - negozio formaggi e salumi,"Via Villanuova, 12, 25030 Ludriano BS, Італія",+39 030 709 1248,http://www.caseificiocampiotti.it/,,CASEIFICIO CAMPIOTTI E C. - S.N.C.
143,Caseificio Fiocco,"Via Papa Giovanni XXIII, 80, 70023 Gioia del Colle BA, Італія",,,,CARMELO FIOCCO S.R.L.
144,Colazzo Srl - Grafica - Internet - Stampa,"Via S.Leonardo, 10, 73022 Corigliano D'otranto LE, Італія",+39 328 773 2005,https://www.colazzo.it/,,COLAZZO S.R.L.
145,Bouquets de Savoie,"10 Rue de la Plaine, 73100 Aix-les-Bains, Франція",,,,BOUQUETS DE SAVOIE
146,Piovani Nello & C. (S.N.C.),"Str. Bagnacana, 7, 43029 Bannone PR, Італія",+39 0521 841046,,,PIOVANI NELLO DI PIOVANI DAVIDE & C.S.N.C.
147,Norbalat Srl,"Via dell'Ulivo, 5, 70014 Conversano BA, Італія",+39 080 495 0660,http://www.norbalat.it/,,NORBALAT S.R.L.
148,CBPL,"4 Rue de Poitiers, 57970 Yutz, Франція",+33 3 82 86 08 76,https://cbpl.fr/,,COMPTOIR BOULANGERS PATISSIERS LORRA.
149,,,,,,MARKET D. & B. S.R.L.
150,Il Girasole srl,"Strada Provinciale 81, 2, 03043 Cassino FR, Італія",+39 0776 22363,,,IL GIRASOLE S.R.L.
151,Caseificio Tosi S.R.L.,"Via Maggiate, 6, 28013 Gattico-Veruno NO, Італія",+39 0322 838425,,,CASEIFICIO TOSI S.R.L.
152,Ar'caprem Sa,"Rte de Saint-Méen, 35360 Montauban-de-Bretagne, Франція",+33 2 99 06 43 70,,,AR'CAPREM
153,Milfa Srl,"Via Silvio Solimano, 28, 16165 Genova GE, Італія",+39 010 808776,https://www.milfa.it/,,MILFA S.R.L.
154,,,,,,SCAT - SOCIETA' COMMERCIALE ALIMENTARI TIERA DI NARDOZZA VINCENZO & C. - S.N.C.
155,Dival Snack Srl,"Via Scorzo, 34, 84030 Sant'Arsenio SA, Італія",+39 0975 395509,,,DIVAL SNACK - S.R.L.
156,Ghiotto (S.R.L.),"Vicolo di Monte Arsiccio, 18, 00135 Roma RM, Італія",+39 06 3081 2798,,,GHIOTTO - SOCIETA A RESPONSABILITA LIMITATA
157,Vd Service,"ул. Максимова, 5, Москва, Росія, 123098",,,,V.D. SERVICE
158,Caseificio Mediterraneo,"Via Montesordo, 34, 22072 Cermenate CO, Італія",+39 031 722655,http://www.mediterraneocaseificio.it/,,CASEIFICIO MEDITERRANEO SOCIETA' COOPERATIVA
159,Sarl Ets Leduc Duez,"13 Rue Jean Jaurès, 59188 Saint-Vaast-en-Cambrésis, Франція",+33 3 27 37 14 22,https://www.facebook.com/beurre.leduc/,,SARL ETS LEDUC DUEZ (Ets Leduc Duez)
160,Fornaciari Quinto E Figlio Snc,"Via Vittorio Emanuele Orlando, 8, 43126 Parma PR, Італія",+39 0521 988341,,,FORNACIARI QUINTO E FIGLIO-S.N.C.
161,Mazzoleni formaggi (Mazzoleni Lucio Srl),"Via Nazionale, 147, 23821 Abbadia Lariana LC, Італія",+39 0341 731147,http://www.mazzoleniformaggi.it/,,MAZZOLENI LUCIO S.R.L.
162,Camalat,"Via Emanuele Gianturco, 109, 80142 Napoli NA, Італія",+39 081 734 0880,,,CAMALAT SRL
163,Murri Distribuzione Srl,"Via Ercole Ramarini, 41, 00015 Monterotondo RM, Італія",+39 06 9008 0193,http://www.murridistribuzione.it/,,MURRI DISTRIBUZIONE - SOCIETA A RESPONSABILITA LIMITATA
164,Arrigoni Battista (S.P.A.),"Via Treviglio, 940, 24040 Zona Industriale BG, Італія",+39 0363 381666,http://www.arrigoniformaggi.it/,,ARRIGONI BATTISTA S.P.A.
165,La Cava Snc Di La Cava Waldorf & C.,,+39 0941 361512,,,LA CAVA S.N.C. DI LA CAVA WALDORF & C.
166,Sanguanini Srl,"Via Baldo degli Ubaldi, 213, 00167 Roma RM, Італія",+39 06 637 4251,https://sanguanini.com/,,SANGUANINI - SOCIETA A RESPONSABILITA LIMITATA
167,,,,,,I.L.F. S.R.L.
168,Formingros Srl,"Viale Giovanni e Francesca Falcone, 23, 87100 Cosenza CS, Італія",+39 0984 062807,,,FORMINGROS S.R.L.
169,Aminovit Srl,"Via Carlo Cattaneo, 41, 22060 Carugo CO, Італія",+39 031 761222,,,AMINOVIT S.R.L.
170,Falleni Enzo & C. (S.A.S.),"Via Luigi Russo, 14, 57121 Livorno LI, Італія",+39 0586 427275,http://www.fallenienzo.it/contatti.asp,,FALLENI ENZO & C. S.A.S. DI FALLENI GIANLUCA PAOLO & C.
171,Arrè Formaggi srl,"Via Casamassima, 95, 70010 Turi BA, Італія",+39 080 891 5201,http://www.arreformaggi.it/,,ARRE' FORMAGGI S.R.L.
172,Euro Alimenti F.Lli Costanza S.R.L.,"SS640, Km 25, 92020 Racalmuto AG, Італія",+39 0922 944151,http://www.euro-alimenti.it/,,F.LLI COSTANZA S.R.L.
173,Gilat Padana S.R.L.,"Via Orsi, 21, 29122 Piacenza PC, Італія",+39 0523 593083,https://gilat-padana-srl.business.site/,,GILAT PADANA S.R.L.
174,,,,,,PRIMO MAJORCA - S.R.L.
175,Valsana Srl,"Via degli Olmi, 16, 31012 Godega di Sant'Urbano TV, Італія",+39 0438 188 3125,http://www.valsana.it/,,VALSANA S.R.L.
176,Tre Erre Dei Fratelli Rabaglia Nando Paolo E Maria Snc,"Via XX Settembre, 12, 29121 Piacenza PC, Італія",+39 0523 578168,,,TRE ERRE DEI FRATELLI RABAGLIA NANDO  PAOLO E MARIA VITTORIA & C. S.N.C.
177,,,,,http://www.dmbservice.co.uk/,DMB SERVICE
178,Caseificio Sociale Casona Di Pozzoleone Soc.Coop. A R.L.,"Via Casona, 11, 36050 Pozzoleone VI, Італія",+39 0444 462391,http://caseificiocasona.altervista.org/,,CASEIFICIO SOCIALE CASONA DI POZZOLEONE - SOCIETA' COOPERATIVA AG RICOLA
179,Orlandini Ester e Caprari Elio snc stagionatura prosciutti,"Str. Nocciola, 16, 43024 Neviano degli Arduini PR, Італія",+39 0521 847009,,,ORLANDINI ESTER & CAPRARI ELIO SNC
180,RHD LABO,"289 Rue De L'industrie, 42350 La Talaudière, Франція",+33 4 27 40 10 25,,,RHD LABO (R.H.D. Services)
181,,,,,,ANTHES
182,F.LLI PETRUCCI - SOCIETA' A RESPONSABILITA' LIMITATA,"Via Angelo Maria Ricci, 111, 02100 Rieti RI, Італія",+39 0746 204688,https://www.petrucciformaggi.com/,,F.LLI PETRUCCI  SRL
183,Industria Casearia Colla Paolo s.r.l.,"Via Castello, 63, 29010 Sant'Imento PC, Італія",+39 0523 781120,https://www.caseificiocollapaolo.it/,,INDUSTRIA CASEARIA COLLA PAOLO S.R.L.
184,Euroformaggi S.p.a.,"Via Galileo Ferraris, 6, 37067 Valeggio sul Mincio VR, Італія",+39 045 637 0980,http://www.euroformaggi.it/,,EUROFORMAGGI E C. SPA
185,,,,,https://zarpellon.it/,ZARPELLON - S.P.A.
186,,,,,,DENTI & COMPANY  S.R.L.
187,Caseificio Lait - Soc. Coop. Agricola,"Via Brescia, 8, 25021 Bagnolo Mella BS, Італія",+39 030 682 1524,https://caseificiolait.it/,,LATTERIE ALTA ITALIA - LAIT - SOC. COOP. AGRICOLA
188,Cooperativa Latte Indenne Di Verona,"2 Strada Cadermanetto, Trevenzuolo, VR 37060, Італія",+39 045 735 0025,,,SOCIETA' AGRICOLA COOPERATIVA LATTE INDENNE DI VERONA
189,Tutto Galvan,"Via del Lupo, 9, 37050 Ca' degli Oppi VR, Італія",+39 045 713 0890,http://www.tuttogalvan.it/,,TUTTO GALVAN S.R.L.
190,B.F.G. Rappresentanze Industriali,"Via Pesciatina, 899/d, 55010 Capannori LU, Італія",+39 0583 975878,http://www.bfgsrl.it/,,B.F.G. S.R.L.
191,,,,,,BARONI -S.R.L.
192,Svevi S.r.l.,"Via del Moriglione, 10, 56019 Migliarino PI, Італія",+39 050 804683,http://www.svevi.com/,,SVEVI S.R.L.
193,Prolat Srl,"Via Dante Alighieri, 21, 80029 Sant'Antimo NA, Італія",+39 081 505 1585,http://www.prolatsrl.com/,,PROLAT S.R.L.
194,,,,,,F.LLI MAFFI SNC DI MAFFI NERIO & C.
195,Tutto Bonta Srl,"Via Pescopagano, 4, 33078 San Vito al Tagliamento PN, Італія",+39 0434 85375,http://www.tuttobonta.it/contatti,,TUTTO BONTA' S.R.L.
196,,,,,,MULINO ALIMENTARE - S.P.A.
197,,,,,,UNIMILK S.R.L.
198,Di.na.lat. (S.r.l.),"Strada Provinciale per Pianura, 47, 80078 Pozzuoli NA, Італія",+39 081 526 9667,,,DI.NA.LAT. DISTRIBUZIONE NAPOLETANA LATTE S.R.L.
199,Dede' Alberto,"Piazzale Pietro Zaninelli, 1, 26900 Lodi LO, Італія",+39 0371 51106,,,DEDE' ALBERTO E C.
200,Gmc S.A.S. Di Colombo Gianpaolo & C.,"Via Laguccio, 14, 22035 Canzo CO, Італія",+39 031 672086,,,GMC S.A.S. DI COLOMBO GIANPAOLO & C.
201,,,,,,INDUSTRIA CASEARIA MONTE SOMMA S.R.L.
202,Via Lattea S.R.L.,"Via Alessandro Manzoni, 24, 34073 Grado GO, Італія",+39 0431 81651,http://www.vialatteagrado.it/,,VIA LATTEA S.R.L.
203,Scot Coopérative de la Cigogne,"19 Rue du Ried, 67720 Weyersheim, Франція",+33 3 88 68 15 12,,,SCOT LA CIGOGNE
204,,,,,,CASEARIA GM S.R.L.
205,Caseificio Andriese Bonta' Genuina S.R.L.,"Via Andria, 131, 76121 Barletta BT, Італія",+39 0883 347653,http://www.caseificioperina.it/,,CASEIFICIO ANDRIESE - BONTA' GENUINA S.R.L.
206,,,,,,D.S.L. S.R.L.
207,Sapori del Sole S.r.l.,"Via Nazionale, 84012 Angri SA, Італія",+39 081 1809 8514,,,SAPORI DEL SOLE S.R.L.
208,Mario Cavalli Formaggi Srl,"Via Roma, 106/C, 95020 Aci Bonaccorsi CT, Італія",+39 095 789 0595,http://www.cavalliformaggi.it/,,MARIO CAVALLI FORMAGGI S.R.L.
209,,,,,,COSPALAT DEL FRIULI VENEZIA GIULIA
210,Di.ve.pr.al. srl,"Via Tiburtina, 912, 00156 Roma RM, Італія",+39 06 407 3721,,,DI.VE.PR.AL.   S.R.L.
211,,,,,,IPERMES S.R.L.
212,Latteria Nöm S.r.l.,"Via Esperanto, 3, 39100 Bolzano BZ, Італія",,https://www.my-milk.it/,,LATTERIA NOEM SRL
213,So.di.ge.al. S.r.l.,"Via Caselle, 33, 46030 Caselle MN, Італія",+39 0376 245100,http://sodigeal-srl.business.site/,,SO.DI.GE.AL. S.R.L.
214,Risparmio Casa,"Str. Tiberina Nord, 71, 06134 Perugia PG, Італія",+39 075 591 3272,http://www.risparmiocasa.com/,,RISPARMIO CASA UMBRIA - S.R.L.
215,Casearia Arnoldi Valtaleggio Ltd. (Casearia Arnoldi Valtaleggio srl),"Via Piazze, 156, 24010 Peghera BG, Італія",+39 0345 47550,http://www.arnoldivaltaleggio.it/presentazione/,,CASEARIA ARNOLDI VALTALEGGIO S.R.L.
216,Carioni Food & Health srl,"Via Giovanni Amendola, 2, 25086 Rezzato BS, Італія",+39 030 615 1721,http://www.natus.life/,,CARIONI FOOD & HEALTH SRL
217,,,,,,"LD DISTRIBUTION, PAF"
218,G B E di Pucci Fabrizio e C. Sas,"Via Vecchia Camporcioni, 64, 51019 Ponte Buggianese PT, Італія",+39 0572 636739,,,G B E  DI PUCCI FABRIZIO E C. S.A.S.
219,Assiter Srl,"Via di Boccea, 1270, 00166 Roma RM, Італія",+39 06 6159 7507,https://assiter.it/contatti/,,ASSITER S.R.L.
220,Caseificio di Ferrarini Silvestro & C. Snc,"Via Solari, 77, 43022 Tortiano PR, Італія",+39 0521 686455,https://www.ferrariniebonetti.com/,,FERRARINI E BONETTI -
221,Castellatte,"Regione Doria, 15122 Castelceriolo AL, Італія",+39 0131 585538,http://castellattealessandria.myadj.it/v/castellattealessandria,,CASTELLATTE S.R.L.
222,Caseificio Amodio Srl,"Piazza Marinai D'Italia, 17, 70042 Mola di Bari BA, Італія",+39 080 473 3387,https://caseificioamodio.company.site/,,CASEIFICIO AMODIO - S.R.L.
223,Valle Dei Trulli S.R.L. - Centro Raccolta Latte,"Contrada Figazzano, 145, 72014 Cisternino BR, Італія",+39 080 431 7620,,,VALLE DEI TRULLI  S.R.L. - CENTRO RACCOLTA LATTE
224,ValVerde s.r.l.,"Contrada Calcarone, 98042 Pace del Mela ME, Італія",+39 090 931737,http://valverdesrl.com/,,VALVERDE SRL
225,,,,,,ITALIA MILK S.R.L.
226,Caseificio Marion Srl,"Via Circonvallazione Est, 80, 31033 Castelfranco Veneto TV, Італія",+39 0423 401361,https://www.caseificiomarion.it/,,CASEIFICIO MARION S.R.L.
227,,,,,,CASEARIA PODDA S.R.L.
228,New Milk Srl,"Via del Grande Archivio, 32, 80138 Napoli NA, Італія",+39 081 572 7201,,,NEW MILK S.R.L.
229,Futural Srl,"Via Giacomo Puccini, 5, 70017 Putignano BA, Італія",+39 080 493 4792,,,FUTURAL S.R.L.
230,,,,,,ALICAM S.R.L.
231,Centrale Laitiere Vallee D'Aoste S.R.L.,"Frazione La Cure De Chevrot, 11, 11020 Gressan AO, Італія",+39 010 6432 0078,http://www.centralelatte.vda.it/,,CENTRALE LAITIERE VALLEE D'AOSTE - S.R.L.
232,Caseificio F.lli Bari SRL,"80050 Lettere, Metropolitan City of Naples, Італія",+39 081 802 1313,,,CASEIFICIO F.LLI BARI S.R.L.
233,Bo.Par. Food Srl,"Via Po, 2, 00040 Marina di Ardea RM, Італія",+39 06 9101 8148,,,BO.PAR. FOOD. S.R.L.
234,Fadda Srl,"Regione Possilva, Thiesi, SS 07047, Італія",+39 079 886185,http://www.faddasrl.it/,,FADDA SRL
235,Caseificio Prealpino Srl,"Via Vittorio Veneto, 1, 21030 Rancio Valcuvia VA, Італія",,,,CASEIFICIO PREALPINO SRL
236,,,,,,LSVLOT (Ets C.B.S.)
237,Caseificio Zucchelli S.r.l.,"Cascina Marmorina, 18, 26863 Orio Litta LO, Італія",+39 0377 804115,https://www.caseificiozucchelli.com/,,CASEIFICIO ZUCCHELLI ANTONIO DI ZUCCHELLI CARMELITA & C. S.N.C.
238,Caseificio Villa Srl,"Via Iseo, 52, 25030 Villa Pedergnano BS, Італія",+39 030 772 2090,https://caseificiovilla.key5.com/,,CASEIFICIO VILLA S.R.L.
239,Guillot Jouani (SA),"35 Rue Henri Farman, 93290 Tremblay-en-France, Франція",+33 1 49 63 76 20,,,SOCIETE GUILLOT JOUANI (Guillot Jouani)
240,Procacci,"Via Prato del Portone, 40, 01020 Monterosi VT, Італія",+39 0761 699033,http://www.procaccisrl.it/,,PROCACCI S.R.L.
241,Midi - Pyrénées Distribution,"Sandrail, 81150 Marssac-sur-Tarn, Франція",,,,MIDI PYRENEES DISTRIBUTION (Vidal SAS)
242,,,,,,INDUSTRIA CASEARIA PARTENOPEA MANDARA S.R.L.
243,Agroalimentare Riccio S.R.L.,"Via Brecciale, 83030 Greci AV, Італія",+39 0825 867136,,,AGROALIMENTARE RICCIO S.R.L.
244,Plurifinance Srl,"Via delle Cascine Doppie, 1, 20065 Villaggio Residenziale MI, Італія",,,,PLURIFINANCE S.R.L.
245,Consorzio Gourm.it,"Viale S. Lorenzo, 40, 46020 Pegognaga MN, Італія",+39 0376 559539,http://gourm.it/,,CONSORZIO GOURM.IT
246,,,,,,G & D S.R.L.
247,Etablissements Pierre Lafargue,"Chem. de Burges, 31210 Ausson, Франція",+33 5 61 95 80 94,http://lafargue-carigel.fr/,,ETABLISSEMENTS PIERRE LAFARGUE (Pierre Lafargue SA)
248,Caseificio Lauretti (Derilat srl),"Via Migliara 54, 1 dx, 04014 Pontinia LT, Італія",+39 0773 852204,,,DERILAT S.R.L.
249,,,,,,ETABLISSEMENTS GREMONT (Etablissements Gremont S.A.R.L.)
250,Caseificio Conti S.R.L.,"Contrada S.antonino, 90030 Palazzo Adriano PA, Італія",+39 091 834 8852,http://www.caseificioconti.com/,,CASEIFICIO CONTI S.R.L.
251,,,,,,EREDI GIUSEPPE PASTORE S.N.C. DI PASTORE LUCIA & C. IN LIQUIDAZIO NE
252,La Casearia Di Bertinotti Michele E C. (S.A.S.),"Bivio Strada Provinciale 20 s.n.c, 12030 Cavallermaggiore CN, Італія",+39 0172 381581,,,LA CASEARIA DI BERTINOTTI MICHELE E C. - S.A.S.
253,Bia 2 S.r.l.,"zona industriale, 31, 52010 Castelluccio AR, Італія",+39 0575 451241,https://www.facebook.com/Bia2Srl/,,BIA 2 S.R.L.
254,Fratelli Giugliano S.R.L.,"Via Interporto Campano Lotto D, 509, 80035 Nola NA, Італія",+39 081 821 0828,http://fratelligiugliano.it/,,FRATELLI GIUGLIANO S.R.L.
255,,,,,,FIOR DE' ROMA
256,Latteria Bronzone Caseificio e spaccio di vendita,"Via Seradina, 27, 24060 Vigolo BG, Італія",+39 035 932791,http://www.montielaghi.it/,,MONTI E LAGHI NUOVA SOCIETA' COOPERATIVA AGRICOLA
257,Caseificio Passalacqua - Tuma Persa,"contrada baronaggio, 90030 Castronovo di Sicilia PA, Італія",+39 335 700 1633,http://tumapersa-shop.com/,,CASEIFICIO PASSALACQUA & C. S.R.L.
258,Auricchio,,,,,GENNARO AURICCHIO S.P.A.
259,Agatos Energia Srl,,,,,AGATOS S.R.L.
260,Latteria Sociale Cooperativa (A.R.L.),"Viale Azuni, 80, 09075 Santu Lussurgiu OR, Італія",+39 0783 550555,,,LATTERIA SOCIALE COOPERATIVA DI S. LUSSURGIU - SOCIETA' AGRICOLA
261,,,,,https://www.di-al.it/,DI-AL S.R.L.
262,Ginos Srl,"3 Localita' Campagnole 38060, Borghetto TN, Італія",+39 0464 682012,http://www.ginos.it/it/home,,GINOS S.R.L.
263,Анджело Бадаламенті,,,,,BADALAMENTI
264,MANZI S.r.l.,"km 94.100, Via Cassia, Nord, 01027 Montefiascone VT, Італія",+39 0761 827185,http://www.manzi.it/,,MANZI S.R.L
265,Latte & co srl.,"Via Lombardia, 31, 80021 Afragola NA, Італія",+39 081 860 1036,http://latte.co.it/,,LATTE & CO. S.R.L.
